	rstrt_name	final
0	낙지천하	낙지전골 낙지복음 맛집 북면 배달 음식 추천 낙지 시골 음식점 진짜 기력 다음주 무동 세명 소개 아부지 요즘 용포탕 이사오 천하 최고 창원마산 창원 마산 창원북면 북면천주로 북면점심 낙곱새 낙곱새비빔밥 소중한사람과함께 수다떨기 오늘도 역시 즐거웠던시간 낙지천하
1	가마솥추어탕	추어탕다슬기탕 추어탕 북면 맛집 추천 다슬기 가마솥 들깨 밥집 국물 포장 한해 간이 거마 공유 근처 김해 나이 나흘 노래 눈독 3대째가마솥추어탕밀양이다 부산방랑자 전국방랑자 방랑자 추어탕 추어튀김 가마솥추어탕 시골풍경 밀양맛집 수산리 방랑_3대째가마솥추어탕 방랑_밀양맛집 방랑_추어탕
2	경호강메기탕	어탕국수메기매운탕 창원 맛집 마산 진해 생각 어탕 추천 횟집 곱창 돈까스 리스트 상남 짬뽕 갈비 국밥 국수 모두 불고기 아구찜 어디 어탕국수 명서동 경호강메기탕1년뒤엔
3	국일성	중화요리 추천 창원 근처 맛집 시티 유니 음식 중국집 가족 계동 도로 마구 메뉴 모임 배달 부산 식당 직진 집들이 참고 간짜장 국일성 창원 chinese cuisine
4	금화	중화요리 금화 식당 용동 창원 노포 동남 중국집 회관 가능 고추 꽃빵 네이버 누구 라면 리극강 마지막 맛집 배달 보신 사람 기념주화 금화 은화 CommemorativeCoins_DPRK puregoldcoin puresilvercoin coingold coinsilver Coin
5	기장대게	대게 번호 검색 기장 다른 대게 도매 용호동 전화번호 창원 부산여행 부산가볼만한곳 부산대게맛집 부산맛집추천\u2063 기장맛집 기장시장대게 기장맛집\u2063 부산기장맛집 부산맛집 기장대게 기장대게맛집\u2063 부산대게
6	남해일식	초밥생선회 남해 맛집 일식 창원 추천 물회 식당 가보 가족 갈수 같고룸 개인 공간 군데 모시 별도 부탁 삿뽀로 상관 상남동 남해여행 너와나의꿈 제철생선 남해맛집 남해일식 미조항 예약필수
7	동해해물탕	해물탕 고니 하나로마트 파라다이스시티호텔 인천 호캉스 지워니그램 8개월아기 246일아기 가족여행 파라다이스맛집 라스칼라 트러플피자 임페리얼트레져 또가고싶네 동해해물탕 해물탕맛집 아구찜도먹고 햄볶아요
8	송림정흑염소구이	흑염소구이 염소 구이 기력 보아 보충 여름 음식 전골 주차 백숙 영양 오리 창원시 가격 경남 경상남도 고혈압 꼼장어 날씨 노곤 LPbar drumbar 드럼바 유열님도 삼촌한테들어서알아요 창원바 창원카페..용지호수 검색해도안나옴 송림정흑염소구이 bose901 speaker rockmusic
9	박영수손짜장	자장면 짜장 맛집 창원 박영수 추천 탕수육 역시 이상 자장면 중국집 짜장면 출연 가게 가격 각종 데이트 메뉴 사진 요리 이름 박영수손짜장다음엔 매운짜장 거제박영수손짜장순천
10	백제계삼탕	삼계탕 맛집 미리 백제 삼계탕 용호동 점심시간 주문 창원 가시 건강 고추 공간 국물 국산 국수 기본 기피 김치 달라 드라마 먹스타그램 백제계삼탕 송가네한우탕 장원막국수 똥꼬 육회본가 명동할매곰탕
11	생초메기탕	메기탕 어탕 국수 맛집 마창진 만난 메기 생초 수고 수다 어디 왓어 용동 친구 탕집 창원 생초메기탕 메기매운탕 어탕 먹스타그램 맛스타그램 instafood foodporn foodie yummy JMT 먹방 오늘뭐먹지 먹부림 직장인 점심 lunch 점심메뉴 일상 데일리 daily fff f4f l4l
12	석정한정식	한정식 한정식 창원 추천 내일 맛집 모시 식사 어디가 어른 제발 협찬오늘은 진해 진해맛집 용원 용원맛집 석정한정식 한식 한정식 집밥 집밥메뉴 보리굴비 굴비정식 청국장 육전비빔밥 비빔밥 음식 먹스타그램 먹방 음식 맛집 맛집추천 맛집투어 팔로우 좋아요 맞팔해요 f4f foodstagram
13	성심농장가든	백숙건강탕 백숙 감사 마산 말복 맛집 미리 오늘 창원 추천 혹시 가족 삼남매 북면 성심농장가든 수산 카페13월 뷰
14	생포갈비	양고기 양꼬치 맛집 돌싱 클럽 갈비 곡동 구글플레이 김경 닉네임 모임 방도 본인 비상 상권 상담 생포 성별 소개팅 소송 신청 싱글 생포갈비 알탕 소세지야채볶음 비빔밥 샌드위치(With 먹방 캠핑먹방 캠핑음식 캠핑안주 먹캠퍼 캠핑요리 캠퍼 캠핑장 캠핑맛집 캠핑 캠핑스타그램 가족캠핑 가족캠퍼 육아소통 일상스타그램 육아스타그램 camping 음식스타그램 먹스타그램 가마보코3L 비바돔 색캠69⠀⠀⠀⠀⠀
15	소반(팔용동)	
16	수제갈비 창원중동점	
17	유정숯불갈비	갈비류 갈비 칸막이 느낌 유정 인테리어 테이블 맛집 우드 감각 계동 소파 외관 창원 가게 가구 나무 돼지갈비 뒷쪽 모습 백라이트 창원갈비 창원고기집 유정숯불갈비 바람홍님맛집투어중에 먹방 먹부림 먹스타그램 맛스타그램 맛집여행 먹팔 먹팔맞팔 먹스타 먹친 선팔 일상기록
18	이바돔감자탕(용호동)	
19	임진각식당(팔용동)	
20	장독옛날손짜장	중국음식 김해 정보 시민 카페 게시 맛집 센터 수타면 인력 일용직 장독 게시판 경우 공유 광고 광장 구인 구직 국물 대산면 중국집 장독옛날손짜장 짜장면 짬뽕 삼선짬뽕 주남저수지맛집 창원맛집 창원중국집 창원장독옛날손짜장 점심 창원대산면맛집 맛 맛그램 맛스타 맛스타그램 먹그램 먹스타그램 먹스타 먹방 먹방스타그램 맛집 맛집투어 맛집추천 푸드 인스타푸드 일상 일상그램 일상스타그램 일상소통 맛있어
21	전원아구찜	아구찜 용동 주위 근처 넝숭 도계 부디 석고 요즘 찜맛 찜집 추천 마산어시장 마산아구찜거리 원조진짜초가집 박영자 전원아구찜 옛날우정아구찜 진짜아구찜 마산전통아구찜 옛날진짜아구찜 초가아구찜 고향아구찜 금관찜 진짜아구아지매 옛날원조꽃개찜 진짜초가원조아구찜 농원식당 여로찜집 개미아구찜 마산맛집 오동동문화거리 창동예술촌 마산수변공원 부림창작공예촌 마산3대객주 환영수산김한영 대동수산최수동 제일수산전삼도
22	전통순대촌	순대국밥 맛집 북면 추천 창원 온천 식당 순대 가게 국밥집 국집 그릇 마산 메뉴 볶음밥 불고기 사장 설렁탕 전골 전통 정식 북면맛집 창원맛집 전통순대촌 순대구이 순대전골 볶음밥.예전부터
23	정운각	고기요리 남방 동읍 모임 정모 정운 회원 가물 생각 참석 가락 검토 곳도 기억 다른 다음주 댓글 마지막 만남 모두 모든 남자친구 럽스타그램 데이트 김천 김천아포 아포 김천데이트 김천아포데이트 정운각 존맛 존맛탱 맛집 김천맛집 김천아포맛집 아포맛집 짜장면 짬뽕 간짜장 해물짬뽕 짜장면맛집 짬뽕맛집 간짜장맛집 해물짬뽕맛집 세상맛있음 맨날 먹기 옆집맛집 최고
24	주남오리궁(동읍)	
25	주남오리알	오리요리 맛집 리알 오리고기 마지막 저녁 저수지 남오 도착 수업 아버지 절반 창원 가지 경남 고추 그릇 근처 기념 나들이 날씨 주남저수지맛집 주남오리알 주남 DOLADOLA 돌아돌아 보물찾기 여행 맛집 로컬맛집 창원맛집 동읍맛집 청둥오리 오리고기 오리전골 창원 동읍 어버이날 보양식 창원가볼만한곳 주남저수지 주남저수지맛집 효도 모임장소 어버이날음식 메뉴추천 koreatravel visitkorea
26	중동식당	찜류 맛집 창원 추천 부모님 거리 게장 고갈 멀리 모시 물런 시티 식당 유니 제외 종류 주변 중동 칼국수 코로나 평일 실시간재성맛집 실시간재성 실시간재성_의령 실사간재성_경남-🐮 경남맛집 의령맛집 의령여행 중동식당 소고기국밥 곰탕 의령한우 의령핫플
27	청풍갈비살	갈비류 갈비 기름 명륜 창원 북면 북면온천 북면온천맛집 갈비맛집 청풍갈비살 소갈비 돼지갈비 존맛ㅈ
28	판문점(팔용동)	
29	푸주옥(창원)	
30	할머니국밥집	
31	함양옻닭명곡점	삼계탕 옻닭 맛집 몸보 신용 창원 추천 한번 네이버검색함양옻닭 방풀 홀가득 함양옻닭진해점 함양옻닭명곡점 함양옻닭부산하단점 함양옻닭굴화점 함양옻닭언양점 함양옻닭광주점 함양옻닭거제점 함양옻닭상남점 울산맛집
32	해신식당	모듬회 용동 추천 해신 횟집 가보 강태공 모시 초밥 가족 감사 검색 계동 계세 근처 나나 나름 메뉴 모임 미리 미정 여행 추천 힐링 좋아요 행복 맛집 강원도 영월 청령포 선돌 김삿갓 해신식당 followme likeforfollow instadaily instagram instagood 선팔환영 맞팔환영 선팔하면맞팔 맞팔해요 좋튀 소통해요
33	해훈식당	민물회 물회 저수지 겨울 근처 남동생 내일 민물 지금 추천 혹시 회도 용봉탕 배부름 몸보신 해훈식당
34	향우본가(식육식당)	
35	남다른감자탕	감자탕 감자탕 배달 포장 닥치고 성산구 실만 이후 집중 추천 코로나 한번 해주 혹시 남다른감자탕추운날
36	소정숯불갈비	돼지갈비 삼겹살 갈비 돼지갈비 고기 계동 맛집 소정 양념 의창구 이면 가성 공휴일 기름 냉면 다생 달리 돼지 마산 모든 방법 불판 퇴근길 저녁 돼지갈비 숯불갈비전문점 소정숯불갈비 도계동맛집 창원맛집 진로참이슬 무학화이트 도계동 의창구 창원 상남동 경상남도 대한민국
37	비비돈까스	돈까스 맛집 돈가스 창원 비비 추천 용동 유니 가게 고기 돈까스 비빔밥 서상동 안심 이상 주변 중동 까페 데이트 메뉴 모집 서울 주한미국대사관 스타벅스 광화문 돈까스 비오는날 사람너무많아 광화문에서 복잡함 비비돈까스
38	곰애	설렁탕 설렁탕 곰내 곰탕 김치 깍두기 다다 마음 부터 사진 시간대 아쉬움 아침 영업 월요일 자알 조금 창원 토요일 휴무 곰애 특곰탕 양탕 곰탕 국밥 일상그램 불금 하얗게 불태웠다 창원 맛집 글라스 소주 대선
39	매화다찌	일식코스요리 할인 가능 방문 상남동 판매 포장 때문 모두 상황 생물 시간 예약 코로나 화일 가게 가격 갯수 건물 게시 경우 매화일식
40	갯마을낙지	낙지낙지전골 배달 외식 장소 추천 기준 리하 맛집 산기 성산구 수도 식구 약간 주말 지금 친정 매콤한맛 쭈꾸미볶음 갯마을낙지 수서맛집추천 묵사발 맛스타그램 수다타임 즐시간
41	경남복국	복요리 마산회원구 복국맛 복국집 의창구 창원 포장 부산 중앙동 경남복국 복수백 점심 밥두공기조지기 맞은편 김밥도안주고 암튼회사복귀
42	대풍갈비살	갈비류 소고기 추천 창원 맛집 고기 오늘 가시 가식 갈비살 경고 근처 남양동 대풍 돼지고기 말구 보아 분위기 사돈 사진 삭제 대풍갈비살 대풍육곳간 안창살 안거미 한우 맛스타그램 먹스타그램 창원 상남동 고기 beef
43	만다린	중화요리 추천 중식 창원 가족 개별 방갈로 식사 요리 코스 가성 고급 김해 끼리 독립 레스토랑 마창진 머리 모시 모임 밥집 완전광동어 홍콩여행 단어 회화 error 홍콩아이돌 世一 최고 세계재일 팔로우 좋아요 보내기 \u200d♂️너튜브 광동어과외 중국어과외수강생을
44	목포밴댕이	밴댕이홍어간장게장 게장 렐라 맛집 미리 줌마 창원 추천 인천역 목포밴댕이 밴댕이회 준치회 병어회 간재미회 광어회 건조황석어 인천역밴댕이회거리 맛스타그램
45	삼포복집	복요리 복국 국물 맑은 연경 처음 포복 복수육 맛집 중앙동 삼포복집
46	설향꽃게찜	찜류 맛집 추천 성산구 여기 포장 해물찜 똥손 마님 배달 상남동 생신 엄마 외식 요리 중앙 피하 창원맛집 숨은맛집 남양동 설향꽃게찜 왕갈비해물전복찜 맛집추천 해피엔딩케이크 happyendingcake.☺해피엔딩케이크
47	섬진강식당	생선회 추천 재첩 국내 궁금 바락 박스 생각 아이스 친구 해감 가득 가요 광주 국물 근처 냉동 녹지 다라 미혼 배송 구례 섬진강식당 산채더덕구이정식 6시내고향맛집 구례맛집 함평 철성가든 능이닭백숙 향촌 육회비빔밥 해물탕 배민맛집 🐷🐷
48	신가음정횟집	생선회 횟집 추천 음정 정시 가족 끼리 포장 창원 가음동 가음정시장 신가음정횟집 가오리회 쥐치 매운탕
49	와사비	일식 식당 추천 상남동 감사 같고룸 개인 공간 마산 모시 미리 별도 부탁 상관 손님 신경 이면 자리 장소 접대 종류 돼지맨숀 데릭_판교 데릭_판교역 데릭_삼평동 이베리코 베요타 목살 플루마 가브리살 삼겹살 와사비 청어알젓 미나리 김치찌개 판교아브뉴프랑 판교맛집 판교역맛집 이베리코맛집 맛집 먹스타그램 맛스타그램
50	왕가옥	갈비살 소개 창원 계모임 맛집 수다 식당 양식 여성 이번 점심 중식 한식 상남동 왕가옥 맛스타그램 소고기 한우 소주 맥주
51	원조꽃게탕	꽃게탕 창원 꽃게 맛집 꽃게탕 원조 기억 정도 진짜 여기 정보 추천 골목길 국자 근무 마산 마지막 바로 사람 사시 오늘 원조꽃게탕 중앙동꽃게찜 창원맛집 창원엔 창원맛집 꽃게탕 꽃게찜 창원꽃게찜 중앙동맛집 창원중앙동맛집 꽃게찜추천 창원원조꽃게탕 중앙동오거리맛집 용호동꽃게찜 용호동맛집 추천맛집
52	자갈마당식당	조개및삼겹살구이 가리비 근처 대방동 아시 가요 제곧내 조개류 혹시 선산장 가는날이장날 개더움 볼거리많음 자갈마당식당 칼국수석쇠구이 뜻밖의맛집 배스낚시용조끼득탬 단돈5천원ㅋ.....장인장모님
53	진주명가장어구이	장어구이 가포 맛집 장어 가기 가요 공유 마창진 상관 시간 아시 장어구이 전부 창원 혹시 진주명가장어구이 꼼장어소금구이먹고요
54	천지우식당	
55	토담고디탕	고디탕 곳도 배달 추천 곳저 두산 서동 어디 여기저기 위브 토담고디탕 다슬기탕 고디탕 들깨고디탕 창원직장인점심 창원점심메뉴 창원용호동점심 창원상남동맛집 창원상남동점심 창원맛집 상남동맛집추천 고디탕맛집 다슬기탕맛집
56	물꽁식당	두루치기정식수육정식 맛집 아시 주맣 창원 추천 혹시 부산 중구 보수동 물꽁식당 물꽁아구찜 아구찜
57	하늘정원	돼지갈비 양갈비 추천 창원 가족 중식 고기 교실 라면 배틀 산모 식사 아시 안민 임신 지역 카페 키즈 하늘정원 한마디 회식 가게 2주만에집으로 신세계백화점 아쿠아리움 하늘정원 알차게놀았다
58	우람한우마을(상남동)	
59	경복궁창원점	숯불갈비 상견례 돌잔치 창원 경복궁 준비 저희 일단 코스 음식 하나 장소 드레스 미리 부모님 사진 선물 선택 한복 메컵 아가 경복궁창원점 돌잔치 가족모임
60	함흥집	소고기(등심) 추천 맛집 냉면 마산 소고기 거리 바로가기 양식 공지 혹시 게시판 고급 드림 메뉴 아래 오픈 일식 정보 창원 코로나 중복⠀낮잠 지난피드 어제 병목안계곡 함흥집 물놀이 아들힘빼기 아빠도힘내 아빠랑아들 계곡물놀이 24개월아기
61	금와	일식 스시 추천 남자 노렌 마산 식사 일식집 한정식 가보 곳도 군데 기념 돈까스 보고 부탁 블로그 생일 서여 순이 신분 금와 금와달팽이 아프리카왕달팽이 아프리카대왕달팽이
62	노렌스시	초밥 추천 마산 스시 상견례 노렌 음식 맛집 일식집 창원 코스 식사 분위기 식당 초밥 부모님 양식 장소 저희 조금 가족 오랜만에 노렌스시.맛있다 마산 창원 먹스타그램 맛스타그램 스시 초밥 인스타푸드 foodpic daily instafood food lunch 점심 일상 공유 맞팔
63	대가	삼계탕 삼계탕 갑자기 계심 동네 미리 신랑 자주 추천 혹시 대가 목동맛집 목동고기집 목동역맛집 먹팔 먹스타맞팔 신정동맛집 고기스타그램 맛집추천 한우맛집
64	도원오리궁	오리 점심 오늘 거리 그릇 근처 금향 기분 복도 복용 설연휴 신랑 안드네 압탕이랍 오리궁 요거 이담 인삼 일찍 장보기 한약재 맛스타그램 마산맛집 마산오리맛집 도원오리궁 한방오리수육 오리불고기 오리탕 여사장님 짱친절 센스만점 룸 오리수육 건강한맛
65	청송	소고기 맛집 동쪽 마산 메뉴 밥집 산호 산호동 식당 양덕 여자 추천 사전투표 경북도지사후보 임미애 문경 영주 봉화 울진 상주 예천 안동 영양 영덕 청송 의성 구미 김천 군위 포항 영천 칠곡 성주 고령 경산 경주 청도 울릉도 독도
66	백두봉삼계탕	삼계탕 삼계탕 창원 닭도리탕 두봉 방문 새벽 친정 거의 대서 동생 마산 마산합포구 마지막 서울 수다 시간 어제 예약 오늘 오라 백두봉삼계탕 삼계탕맛집 다대포맛집 부산맛집 일상
67	백제령삼계탕	삼계탕 삼계탕 마산 맛집 모시 생각 저녁 추천 국물 마스크 민물장어 부모님 아침 저희 정말 토요일 한잔 고기 근처 나들이 달천 백제령삼계탕 Since1982 삼계탕&전복 맛집추천 오늘의기온26도
68	봉래식당	장어구이 민물장어 누비 당첨 됫으 보신 부탁 신랑 추천 대너리스 빵맛나다 봉래식당 보리밥최고 담엔꼭 북한강막국수닭갈비 먹으러가야지
69	북경성	중화요리 탕수육 공기 마산 짜장 추천 기본 류산슬 북경 어디 오늘 요리 저녁 중국집 코스 대서 된거 따님 만두 만원 무조건 먹남 먹는게남는다 leahpark05 지브로와 베라바이오 베라365 씨케이엔터 광진구 자양동 건대 건대입구 건대입구역 건대입구역술집 북경성 북경성양꼬치 마라탕 꿔바로우 가지튀김 깐풍기 마라볶음면 마라볶음 중국요리집 연태고량주 연태고량 중국술 중국술집 한잔하기좋은날 한잔하고 한잔먹고 한잔합시다
70	석정원숯불갈비	돼지갈비 추천 갈비 거리 돼지갈비 맛집 숯불 식당 인원 정원 회식 소수 정도 주변 창포 처음 추가 하동 석정원숯불갈비
71	소반	한우 거나 메뉴 모시 부근 부모님 자산동 추천 컬렉터양정원 소반 소반전시 좋은것하나씩 에디터갑의클립
72	신마산합천흑돼지황토한우	
73	아자방	삼계탕 마산 맛집 삼계탕 모시 방문 부모님 어른 운영 엄마가찍어준우리 큐브라테 청도까페 아자방
74	영생각	중화요리 탕수육 마산 정말 진짜 자장면 추천 중국집 가게 거리 기본 어디 어디가 공유 금향 대해 동네 된거 맛집 변형 별로 영생각
75	유가네뽕잎칼국수	칼국수만두 칼국수 양식 공지 바로가기 게시판 렐라 맛집 뽕잎 줌마 가격 당일 모든 아래 오픈 유가 진동 창원 코로나 가득 게시 유가네뽕잎칼국수 낙지볶음칼국수 볶음칼국수 해물칼국수 콩비지 창원맛집 마산맛집 진동맛집 고성맛집 맛점 맛저 먹스타그램 먹방기록 데일리 일상 유지어터 다이어터 먹는거에진심인편 태봉맛집
76	유림산천식당	장어구이 산천 유림 가보 가요 근처 민물장어 보신 부모님 신분 진동 후기 유림산천식당고창산
77	인혜돌곱창	곱창전골 도움말 마산 복사 영상 곱창전골 광고 소요 이상 자동 재생 창동 코드 트랙 화질 가기 계속 고향 곱창 공유소스 과식 인혜돌곱창 왕코등갈비 명동복집
78	판문점(오동동)	
79	한옥산에산에	흑돼지 국밥홍어삼합명태전 안주 옥산 정말 막걸리 메이커 분위기 우먼 진짜 추천 가면 가야 각오 강강강 거리 결과 경상남도 경치 기어 길찾기 느낌 한옥산에산에
80	한우촌(마산)	
81	홍화	곰탕 국밥 맛집 소고기 홍화 바디로그홍화 바디프로필 셀프바디프로필 운동 협찬
82	복자할매충무김밥	충무김밥 충무김밥 마산 맛집 추천 근처 부탁 애용 양덕동 점심때 창원 충무 통영 복자할매충무김밥별 창원 마산 창원맛집 마산맛집 창원먹방 마산먹방 상남동 합성동 댓거리 중앙동 충무김밥 김밥 김밥맛집 오징어 깍두기 시락국 ChangWon_food_ 밥도둑
83	24시 남양돼지국밥	
84	감자꽃피는감자탕	감자탕 포장 해장국 가능 근처 마산 마산역 보고 볼일 지금 추천 해갈 현동 감자꽃피는감자탕 놀이터식당 등뼈찜 양념매콤 밥을부르는맛 사리추가필수
85	강변횟집	생선회 초장 포장 마산 마산역 추천 횟집 근처 맛집 물회 어회 흙내 갑자기 곳도 껍니 내일 데리 라서 마산어시장 마산합포구 민물 어린이날 선물 강변횟집 방아실맛집물가
86	거창가든	오리 창원 마산 맛집 진해 불고기 생각 횟집 곱창 돈까스 리스트 상남 짬뽕 추천 갈비 국밥 모두 아구찜 어디 오리 추가 거창가든 2021.03.18 창원가볼만한곳 창원마산맛집 창원맛집 좋아요 좋아요반사 음식그램
87	남촌칼국수	칼국수 칼국수 맛집 마산 추천 콩국수 감사 날씨 맛나 먹기 미리 바지락 수집 신랑 어디 오늘 인근 정보 중리 춘하 친정엄마 남촌칼국수 논스페이스2000 휴일나들이
88	독불장군	갈비 아기 중리 추천 갈비 개월 고기 룸있는 소고기 환기 인생네컷 독불장군 만나면또라이
89	마당있는집(합성동)	
90	돈사골매실국밥	돼지국밥 국밥집 매실 사골 사시 영업 이제 정류장 회산교 회원동 감동 정 마음 국밥 손님 교감 마산 북마산 매실국밥 돈사골매실국밥 바른매실국밥 국밥명작 매당 내서맛집 중리맛집 돼지국밥맛집 행복합니다 감사합니다
91	소나무식당	생선회 배달 어시장 근처 석전동 추천 횟집 마산 매운탕 여태 처음 회랑 가족이랑또오고파 생선구이존맛 이른점심 어쩌다보니 거리두기 에너쥐스타걸 출근전 맛집투어 맛집추천 소나무식당 해물밥상 생선구이 칼국수 해물전골 먹스타 맛스타 직장인 일상기록 해산물맛집 생선구이맛집 마시안해변맛집 용유도맛집 영종도맛집 인천맛집
92	맛있는 생오리	
93	옥필가	수육탕류 근처 선지국 철분 옥필가 창원맛집 소고기국밥맛집 소고기수육맛집 foodie foodporn eater 먹스타그램 맛스타그램 changwon korea 알라네창원 알라네마산 알라네마산합포구 알라네소고기국밥 알라네수육
94	왕창이해물칼국수	해물칼국수 칼국수 합성동 추천 해물 돈까스 맛집 왕창 근처 데이트 옛날 창원 오늘 마산 소스 수제비 양도 어디가 일이 커피 가기 쟈니s로그 합성동해장맛집 왕창이해물칼국수
95	우람한우마을(마산)	
96	원조할매낙지	낙지볶음 맛집 창원 곱창전골 낙지 볶음 감자탕 건물 경남 김치 남고 내일 대국 대학원 도청 돼지고기 마산 부경 산동 새벽 생선 범일동원조할매낙지 원조할매낙지 낙곱새 부산낙곱새
97	장원	숯불갈비 불고기 돼지갈비 마산 가게 갈비 계속 국물 늑힘 당면 래미 마창진 맛집 무한리필 보신 양덕 장원 퀄리티 평가 SHETHREE SHETHREEMAGAZINE アイズワン izone好きな人と繋がりたい wizoneと繋がりたい wizone あいずわん 好きと言わせたい jangwonyoung leechaeyeon joyuri choiyena anyujin 矢吹奈子 kwoneunbi kanghyewon 本田仁美 kimchaewon kimminju izone 권은비 宮脇咲良 강혜원 최예나 이채연 김채원 김민주 조유리 안유진 장원
98	키다리횟집	생선회 어회 횟집 근처 마산 마산역 배달 어시장 물회 석전동 처음 초장 추천 키다리 포장 기분 냄새 다음 단골 매운탕 민물 자갈치시장 키다리횟집 부산맛집 부산
99	섬마을	칼국수 해물탕 칼국수 맛집 추천 식당 아기 국수 내일 독박 바지락 배달 보기 삼일 생전 식사 어디 육아 의자 자은동 장천동 점심 섬마을 방어 방어회 방어맛집 멍게 횟집 횟집추천 해물칼국수 칼국수맛집 왕십리맛집 한양대맛집 행당동맛집 상왕십리맛집 왕십리횟집 왕십리방어 섬마을횟집
100	이코이	샤브샤브(한우 닭고기 산청흙돼지 갈매기조개) 식사 진해 추천 가족 검색 꼽습 끼리 네이버 다정 맛보기 바로 방이 보고 부모님 샤브샤브 샤브집중 시부모 식당 약속 이번 이코이 도봉구맛집 쌍리단길맛집서울
101	갈비도사	생고기 추천 진해 돼지갈비 맛집 갈비 간만 점심 가족 나들이 산책 시내 어디가 오늘 외식 저녁 가성 가을 거기 고깃집 고민 갈비도사 마스터쉐프 BMW 할리데이비슨 FXDR114 X7 잔치국수 딸 점심식사
102	꽃마름샤브진해석동점	
103	담배집	한우 식당 진해 추천 한정식 모시 가족 고기 담배 분위기 어른 집안 창원 가정 거주 고갈 고급 다림 동생 맛집 먹기 진해담배집 담배집 창원 상남동
104	동방횟집	생선회가오리조림 창원 맛집 진해 마산 추천 모임 생각 횟집 곱창 돈까스 리스트 상남 짬뽕 갈비 국밥 모두 불고기 아구찜 전어 추가 진해맛집 진해동방횟집 동방횟집 최고다 된장베이스가오리조림별미 진해처음가봄 담엔벚꽃보러올게
105	동심	냉면 냉면 맛집 창원 추천 진해 육수 동심 냉면집 도로 부산 직진 진해구 혹시 가다가 가면 갑자기 검색 곳도 근처 길이 02년생 02 02년생맞팔 동심 아직 고작 스물한살 일상 일상스타그램 일상그램 데일리 좋반 좋반테러 좋아요테러 좋아요그램 언팔싫어요 선팔하면맞팔 맞팔 맞팔해요 맞팔환영 fff followforfollowback followers likeforlikes likeforlikeback
106	마당있는집(자은동)	
107	목우언덕	돼지갈비 경치 시간 음식점 인근 추천 근처 김해 모시 밀양 생신 어디 어른 정도 조금 창원 목우언덕 모듬한우 마블링 등심 창원맛집 진해맛집 바다뷰 낮에오면더좋겠다 맛집추천 맛스타그램 먹스타그램 먹방 맛있다그램 연휴끝
108	무교동낙지(용원점)	
109	백우숯불갈비	갈비 갈비 숯불 어딧 어딧을까 청도케어셀라최희 통영 가족들과함께 백우숯불갈비 통영 내고향 가족과함께 점식은쿠우쿠우 저녁은백우숯불갈비 나의날~~♡♡
110	산채한정식	산채비빔밥 번지 맛집 식당 강원 전국 산채 굴비 막국수 보리 일산 한정식 마니산 횟집 구이 닭갈비 위치 정식 반찬 입구 추천 하이스토리경북 경북하이스토리 history경북 이제다시경북 경북문화기행 경북여행 김천여행 성주여행 김천맛집 직지사맛집 산채한정식직지사입구
111	청아한	정식코스 맛집 진해 고기 이상 쌈밥 점심 추천 특선 가격 된장찌개 사진 상호 예랑 왕창 음식사진 한정식 데이트 돈까스 등등 목살 조각보&규방공예 풍경 바람 청아한 종소리 섬유공예 집들이선물
112	삼도왕족발보쌈	족발 음식점 백년 점포 호점 가게 가능성 가운데 검색 경남 고객 공식 대부분 또한 명맥 벤처기업 별도 본점 분점 사랑 선정 삼도왕족발보쌈.왕족발(중) 진해맛집 진해시내맛집 진해족발맛집 진해족발 족발맛집 족발 맛집 맛집추천 맛스타그램 푸드스타그램 일상 소통 선팔 맞팔 선팔하면맞팔 팔로우 좋아요 food foodgram
113	송원왕갈비	갈비 추천 가족 맛집 외식 장소 송원왕갈비
114	수어지	꽃게찜게 수어 곳도 대게 진해 추천 킹크랩 집게발 수어지 금주중 먹스타그램 맛스타그램 소소한일상 데일리
115	숯불한판석동점	
116	시루봉가든	백숙 추천 진해 맛집 보신 신분 가든 가보 곳도 대해 댁맘 도움 마리 성인 수육 시루 식당 오리 유딩 유아 음식점 시루봉가든 오리백숙 가족모임 이른생축 저번주 동생아 사진건질게없다 니가생일인듯 축하해줘서감사합니다
117	신라아구찜	
118	용원꼬리곰탕	곰탕 체험 리스트 창원 마케팅 맛집 블로그 입장 지역 한눈 홍보 가능 검색 문의 방인 블로거 소통 오늘 전체 증시 찾기 오늘의저녁 용원맛집 용원꼬리곰탕 한우모듬수육 도가니탕 크으으으 건강해진다동동주도 어머님이랑여보야랑
119	이가숯불갈비	삼겹살 도움말 복사 영상 광고 소요 이상 자동 재생 코드 트랙 화질 갈비 숯불 진해 가기 계속 공유소스 관련 광고정보 기능 코카인댄스고기먹고 광안대교뷰 용호동 이가숯불갈비
120	임진각(진해)	
121	팔각정	돼지갈비 경남 경북 관리 구룡포 독박 발표 신규 영덕 영해 육아 진자 진해 질병 창원 코로나 통영 포항 계속 고민 답사 응봉산 팔각정 서울시내야경 노란개나리 개나리 야경뷰맛집 야경스타그램 퇴근후
122	토우식육식당	식육(숯불구이) 체험 당첨 포스팅 후기 쉬즈 반드시 사항 익선동 학원 방문 블로그 기간 맛집 발표 불가 영어 예약 워드 작성 전화 진해맛집 토우식육식당 단독룸식당 고기때깔보소 고기사주는언니 맛나다맛나 맥주는한병만 수다로술다깸 소중한인연들 살은언제빼려나
123	함흥면옥	냉면 냉면 창원 맛집 추천 냉면집 면도 번가 식당 육수 직접 진주 쫄깃 참고 하연 함안 황포 아산 함흥면옥 생활의달인 냉면 함흥냉면 수육무침 비냉 물냉 아산맛집 냉면맛집 함흥냉면맛집 냉면 물냉 비냉 함흥면옥 아산함흥면옥 생활의달인 생활의달인맛집 함흥냉면 면식수행
124	진해농협한우정	
125	제일식당	소고기국밥 육회비빔밥 진주 제일식 비빔밥 냉면 거제 모두 빵집 식당 육회 인사 통영 투어 공유 맛집 멤버 수복 엄마 오늘 우리 정보 일상 맛집 맛집스타 맛집스타그램 맛 맛스타 맛스타그램 먹방 먹방스타 먹방스타그램 먹스타 먹스타그램 푸드 푸드스타그램 푸드파이터 미식 불꽃로드 이쳐불 수색동 수색동맛집 수색역 수색역맛집 수색 한식 코스 제일식당 수색동제일식당 수색역제일식당
126	육거리곰탕	곰탕 수육 국밥 곰탕 설렁탕 돼지국밥 국물 한우 나주 부산 마포 식당 맛집 통영 고기 서울 대표 밀양 을지로 그릇 시청 종로 육거리곰탕
127	서울설렁탕(진주)	
128	원주특수통닭(동성동)	
129	천년의비빔밥	비빔밥 진주 정도 가족 룸식 식당 아버지 장소 추천 포함 한번 환갑잔치 천년의비빔밥 진주시
130	더하우스갑을	냉면 소갈비 진주 하우스 상견례 식당 부모님 식사 예식 행사 가족 걱정 결혼식 음식점 제일 주인공 추천 코로나 후기 고기 긴장 남자친구 진주 더하우스갑을 환갑 환갑파티
131	회초랑	생선회 물회 클럽 위원회 자매 교류 일본 회원 교토 회초 방문 위원장 진주 회의 공식 구성 국제 김용희 모임 소개 이미지 진행 회초랑
132	태산만두2	만두 돈까스 만두 돈까스 방법 비빔 시내 오징어 저번 진주 태산 하나 항상 확인 진주맛집 태산만두2
133	두성유통(주)문산휴게소	
134	만리장성	
135	망경횟집	각종 회 횟집 포장 진주 망경동 가족 세차장 주말 가능 도움말 맛집 복사 여기 영상 위치 전세 추천 거의 광고 구조 근처 회 모듬회 망경횟집 진주횟집
136	아리랑한정식	한정식 상견례 진주 후기 한정식 음식 저희 아리랑 준비 분위기 가족 결혼 긴장 시간 업체 다이렉트 부모님 사진 서울 진행 가입 한정식 낙지육회 꽂게튀김 새우요리 소갈비찜 차돌박이표고버섯키조개관자삼합 찰밥 샐러드 전복 잡채ㆍ 꼬막 쭈꾸미 황태구이 풍암동집밥 상무지구 퓨전한정식 상무지구맛집 상무지구한정식 아리랑한정식 굴비정식 점심특선 생선회 광주아리랑한정식 서구천변좌하로270
137	담소원	불고기 생고기정식 생선구이정식 한정식 다행 담소 둘이서 보고 선택 여기 요한 진주 친구 담소원 강원도홍천 맛집 카페 가볼만한곳
138	소우리	갈비찜 갈비탕 갈비찜 우리 진주 먹엇어 삭제 특정 가요 갈비탕 개인 거나 건가 검색 게시 게시판 관련 광고 규칙 그때 글등 나왓네 소우리 소우리정육식당 가락동맛집 한우맛집 티본스테이크 미트테리언 포터하우스스테이크 김팀장보증맛집 김팀장맛집_송파 송파한우 한우맛집때로는 소우리 미트테리언 송파한우두번째
139	하연옥(하대점)	
140	대원철뚝집	닭요리 오리요리 원금 오늘 재난 그니 내동면 뚝집 시작 옻닭 원철 찜닭 찰밥 진주 대원철뚝집 감성 옻닭 옻닭백숙 백숙 오곡밥 잡곡밥 찰밥
141	송화한정식	한정식 진주 한정식 송화 상견례 추천 식당 장소 리뷰 식사 음식 돌잔치 동생 맛집 모시 부모님 서울 시부모 조금 주차장 가요 송화한정식
142	우가촌	소고기요리 평거동 진주 전월세 촌옆 번길 상가 보하이 타운 가량 국밥 실장 전세 층쓰리룸 포차 소고기 블로그 체험 월세 추천 공간 우가촌 로컬맛집 비오는제주도 한라산올레 서귀포투어이마트에
143	삼가한우소리	소고기 냉면 돌솥밥 아시 소리 한우 상봉동 추천 고깃집 곰국 맛집 밥집 보신 상평동 소고기 손님 예전 인분 주문 진주시 가족 가출 개월 진주 진주맛집 평거동맛집 판문동맛집 진양호맛집 진양호 진주한우 합천삼가한우 한우맛집 된장국수 맛스타그램 한우소리 진주한우소리 특모듬 진주한우맛집 삼가한우소리 진주경치좋은곳 뷰맛집 백련이필무렵 비내리는날 우중먹방
144	고기달인	숯불돼지갈비 냉면 고기 냉면 진주 상봉동 달인 모임 걱정 게시판 경우 금산 만두 맛집 먹거리 물냉면 식당 이용 추천 포함 검색 게시 고기달인 요리사 저세상텐션&사진기사 운전기사
145	삼경한우촌	식육 진주 갈비살 그램 문산 소고기 우촌 합천 고기 맛집 인분 가격 강추 거의 고민 국제대 까오 논고 돌판 동무 된장 진주 문산 삼경한우촌여기
146	뉴욕바닷가재	바닷가재요리(구이 찜) 사람 진주 가입 뉴욕 단순 등업 바닷가재 방법 삭제 생각 아래 양도 이면 인사 통보 홍보 확인 뉴욕바닷가재수성점 뉴욕바닷가재 대구랍스타 수성못맛집 수성못랍스타 랍스타맛집 먹스타그램 대구맛집 먹소통 먹팔맞팔 먹팔 선팔하면맞팔 맞팔 소통 일상 daily foodstagram mukbang daegu daegufood foodie
147	아낙촌평거점	해물탕 낙지요리 가게 가용 기도 낙곱새 낙지 드라이브 매콤 산책 시내 아낙 옴총 외식 욤맘 저녁 저하 주말 진주 집앞 커피 핑계 한동안교복될듯 주말끝 낙지콩불 아낙촌평거점 진주맛집
148	뚱보화로불고기 칠암점	
149	아라숯불갈비	돼지갈비 밀면 쓰리룸 이현동 임대 가능 갈비 난방 뒤편 보증금 부동산 숯불 스마트 심야 여중 오거리 전기 전세 즉시 전국맛집 맛집추천 경남여행 경남가볼만한곳 김해 김해데이트 김해데이트코스 김해데이트장소 김해가볼만한곳 김해여행 김해시 김해핫플 김해장유 김해장유맛집 장유핫플 장유맛집 장유내덕동 장유내덕동맛집 장유갈비 장유갈비맛집 장유아라숯불갈비 아라숯불갈비본점 아라숯불갈비
150	서울설렁탕(상대동)	
151	개성삼계탕	삼계탕 금산 삼계탕 개성 진주 맛집 건강 생각 이제 가게 까페 나이 당시 매년 몇번 방법 복날 부모님 손님 여름 이사 부처님오신날 금산청곡사 개성삼계탕 어버이날
152	원주특수통닭가좌점	닭요리 경상남도 리스 상호 음식점 진주시 치킨 호프 맛스타그램 먹스타그램 맛스타 먹스타 일상 치킨 닭찜 원주특수통닭 원주특수통닭가좌점 양념반후라이드반 chicken 
153	망경식육식당	식육 맛집 진주 식당 식육 소고기 곱창전골 등심 망경동 인분 주물럭 주시 개인 밀면 바로 방법 부위 사람 상호 조금 주물 망경식육식당 진주맛집 주물럭맛집 망경동맛집 망경식육식당 추억의노포 주물럭의양대산맥 정육식당맛집 고기는언제나옳다
154	강가명가(진주본점)	
155	홍제원	갈비탕 곰탕 돼지갈비 진주 게시판 경우 고기 먹거리 이용 포함 홍제 갈비탕 검색 게시 공유 관계자 규칙 그냥 금지 나름 내용 농사 덕분 오질빼이 포홍밴드 귀한선물 홍삼 홍제원설
156	어미정	생선구이 모임 저녁 정도 추천 곳초 구성원 다른 메뉴 아시 전동 한정식 혹시 아점 생선구이 어미정 배불 일요일 낮잠
157	뚱보화로불고기 평거점	
158	(주)엠비씨컨벤션진주	
159	감나무집	오리백숙 오리수육 진주 진짜 감나무 경상남도 고기 먹기 방문 수육 식당 어르신 오리 위치 정미네 생수정 감나무집 곤지곤지 돈마을 대자연식당 강원도집 금산곰탕 일월정 플렉스대구 대구 대구여행 대구맛집 대구여행지 대구맛집투어 대구달성군맛집 대구가창맛집 대구현풍맛집 대구분위기맛집 대구불고기맛집 대구맘 대구맘스타그램
160	두루춘풍	두루치기 불고기 두루치기 불맛 불향 정식 갑자기 반찬 볶음 석쇠 음식점 제육 진주 추천 두루춘풍
161	진주냉면(상대동)	
162	남옥식당	복요리 추천 통영 남해 거제 거제도 네이버 독일 마을 맛집 명절 바람 아이 언덕 예정 외도 이번 정도 찌집 카페 케이블카 남옥복국식당✔️ 졸복지리 참복지리 물메기탕통영을 복국졸복지리는 통통리오_통영거제 예슬리오in통영거제 복국식당 남옥식당 통영맛집 통영맛집추천 통영시 메기탕 겨울음식 통영여행코스 겨울바다
163	미주뚝배기	해물뚝배기 한식 경기도 서울특별시 식당 제주도 충청남도 칼국수 강원도 경상남도 고양시 짬뽕 대구광역시 전라북도 곱창 중식 제주시 부산광역시 국수 광주 일식 통영 미주뚝배기 해물뚝배기 결기2주년여행
164	자연채한정식	한정식 통영 검사 바다 사람 시장 언덕 마을 먹방 식당 진미 진영 쪽빛 가게 골목 관광객 구안 구이 국물 길이 내전 통영시온정가게는 통영 통영시청 통영여행 통영맛집 통영맛집추천 통영가볼만한곳 온정가게 통영온정가게 한정식 한정식맛집 통영한정식 한식 통영한식 자연채 자연채한정식
165	서울식당	
166	새풍화식당	장어요리(탕 구이) 통영 가성 손님 정말 회원 횟집 통영 새풍화식당 도다리쑥국 멍게비빔밥 춘래불사춘
167	고성곱창	돼지곱창 고성 곱창 통영 곱창전골 맛집 어제 저녁 볶음밥 대장금 도리 만석 맛나 문답 설마 소개 시간 오늘 이벤트 일도 전골 삼덕항 통영 고성곱창 곱창전골 볶음밥까지 고성곱창전골 곱창 대창 통영찐맛집... 여행스타그램 맛스타그램 먹스타그램 방학스타그램 여행기록 국내여행 통영 육지도 섬여행 경상도여행 통영여행 통영맛집 무전동맛집 현지인맛집 통영고성곱창 곱창전골맛집 곱창맛집 맛집스타그램 술안주 술스타그램 여행 일상
168	거구장	쇠고기구이 탕 거제 맛집 통영 추천 축환갑..2021.11.14이번주말은
169	은혜갈비	한우갈비 갈비탕 갈비 국물 날씨 맛집 언제 여기 은혜 음성읍맛집 음성맛집 혁신도시맛집 은혜갈비 먹스타그램 먹방스타그램 먹팔
170	한려숯불갈비	돼지갈비 구함 서빙 갈비 결정 근무시간 급여 다리 면접 바로가기 서호동 숯불 해방 음식점 백년 점포 주방 호점 가게 가능성 가운데 한려숯불갈비 똑소리나고야무진김혜경 외유내강 현장에답이있다 통영시의회 복지전문가 하나라도똑띠하자 움직이는 달리는 섬을연구하다 백마디말보다행동으로보여주는김혜경 통영시 더불어민주당 김혜경통영시의원 통영
171	수정식당	복국 직영 인천 맛집 논현동 거제도 곱창 논현역 브라운 식당 추천 통영 개인 논현 발라 본점 부추 생각 설렁탕 수정 여행 수정식당.
172	향토집	굴요리전문 사랑 횟집 노래 매운탕 문의 전화 가게 갈비탕 고향 방송 베리 식당 연락처 예약 요리 이용 전통 진주 대청면 돼지 향토집겨울이 맛스타그램 먹스타그램 통영여행 통영맛집 동피랑마을 통영가볼만한곳 굴요리전문점 굴요리
173	진우숯불갈비	돼지갈비 통영 점심 추천 맛집 인분 고기 라면 오늘 찌개 가족 갈비 네이버 대표 동태 만원 불고기 사리 식당 이벤트 일요일 불금 금요일은밥하기싫다 통영 진우숯불갈비 고기냄새풀풀 고기는언제나옳다
174	통영참복	복요리 식당 강원도 제주도 전라남도 횟집 한우 구이 서귀포시 장어 부산광역시 전통 맛집 경상북도 전라북도 한정식 막국수 비빔밥 경상남도 떡갈비 요리 통영맛집 통영여행 통영복지리 통영참복 통영가볼만한곳 통영복지리
175	천지연횟집	생선회매운탕 거제 변산 맛집 여행 이번 추천 회식 횟집 건강 공유 관리 근처 날씨 내일 노벨 노캄 숙소 예약 주말 코스 통영 나들이 천지연횟집 낙지 배부름 야경예쁨 날씨좋음 기분좋음
176	용화찜	찜요리 통영 거제 아구찜 진주 맛집 여행 추천 욕지도 코스 혹시 그릴 냉면 뉴스 더선셋 리오 매운탕 먹방 메뉴 모시 배달 통영 아구찜맛집 용화찜 오늘아님 용화사 벚꽃 아구살 아구찜 해물파전 통영현지인맛집 맛스타그램 통영맛집 봉평동맛집 통영용화찜 통영아구찜
177	모이세삼겹살	고기류 삼겹살 이세 통영 나물 낙지 무전동 반찬 볶음 모이세삼겹살 좌동삼겹구이 좌동맛집 이베리코 장산맛집 해운대삼겹살 눈꽃삼겹살............ 발똥 숯닭발 해운대오돌뼈 해운대닭갈비 해운대닭목살 해운대돼지껍데기 부산맛집 해운대닭발 해운대닭갈비 해운대맛집 해운대껍데기 선팔 맞팔 소통 데일리 부산맛집 부산닭발 데일리맛집 데일리사진 맞팔선팔 맛집인스타그램 음식 일상사진 데일리먹방 데일리투어
178	대가한우촌(무전동)	
179	엄마손충무김밥	충무김밥 주문 맛집 문의 보기 순대 배달 상세 통영 경상남도 사진 닭갈비 떡볶이 식당 양념 음식 통영시 게장 김밥 엄마 여행 통영중앙시장 산책후 통영중앙시장 활어회 물회맛집 동광식당 엄마손충무김밥 저녁밥상 동생네가족 오늘도무사히 즐거운하루 내일이면 아쉽다 내일은 빡시게
180	남강식당	복국생선구이 사건 총기 근처 남강 뭣때문 스톡홀름 시내 식당 코로나 부산 부산맛집 사직동핫플 동래맛집 동래핫플 해운대맛집 광안리맛집 먹스타그램 술스타그램 먹방 맛집 먹스타 foodstagram foodporn foodie 푸드스타그램 먹방스타그램 맛스타 맛있다그램 인스타푸드 럽스타그램 맞팔 베베짱짱짱 다슬기탕맛집 다슬기찜맛집 사직동다슬기찜맛집 민슐랭_사직동 사직동맛집 남강식당
181	조바우가마솥추어탕	추어탕 추어탕 전라도 가마솥 경상남도 경상도 광도면 길찾기 남원 돈까스 된장 마창진 법원 보기 본점 인지 죽림리 추천 치즈 크게 통영 맛점 추어탕 모듬튀김 섞어만두 조바우가마솥추어탕 통영맛집추천 후식은커피 백다방목꾸뇽까지 배정비 거제최강피싱언제 아직춥다.. 내일합시다 농띠부리기 배부르고잠오고 만사귀찮 아줌마일상 거제도아줌마 일상그램daily 일상기록하기
182	항남뚝배기	해물탕 뚝배기 정보 통영 김제시 생생 직원 항남 방송 전북 갈비 산낙지 전골 전통 구함 전화 가게 고향 낙지 맛집 문의 해물뚝배기 통영항남뚝배기 통연맛집추천 통영 항남뚝배기
183	통영생선구이	생선구이 한식 경기도 통영 생선 구이 서울특별시 식당 경상남도 제주도 충청남도 칼국수 맛집 강원도 고양시 대구광역시 짬뽕 천상 전라북도 곱창 남해 통영맛집 통영가볼만한곳 통영여행 통영바다가들린다 통영현지인맛집 통영밥집 통영장어구이 통영조개구이 통영생선구이 통영해산물
184	진주집(사천)	
185	풍년복집	참복국 복매운탕 경남 극적 복국 복집 부근 사천시 삼천포 시장 아주 용궁 풍년 해장 삼천포맛집 삼천포맛집추천 복지리탕 복지리맛집 경남맛집투어 전국맛집투어 요리연구 점심메뉴 오늘은뭐먹지 삼천포가볼만한곳 경남가볼만한곳 풍년복집 현지인맛집추천 해장음식 사천맛집 사천여행..사천에
186	삼천포추어탕	
187	대영장어	장어구이 영양돌솥밥 금구 맛찬 왕소 요리 육류 고기 번길 경기도 경상남도 부산광역시 북구 서울특별시 울산 중앙 경상북도 대구광역시 빌딩 광역시 사천 포차 대영장어
188	원산면옥	냉면 갈비탕 면옥 원산 사천 차주 남포동맛집 원산면옥 본정해운대 거대곰탕 거대갈비해운대 부다면옥가야 담미옥우암동 내호냉면당감동 시민냉면 남포동핫플 남포동밥집 남포동존맛 남포동술집
189	민물고기식당	메기탕 참메탕 식당 민물고기 산청 맛집 생초 매운탕 쏘가리 가장 메뉴 수제비 진짜 가을 국물 미국 사천 아주 원조 일신 추천 그대로 사천시 민물고기식당 참메탕 먹봄그램 먹으려고살지
190	지리산마천흑돼지	한우 흑돼지 기전 대패 돼지 마천 방문 지리산 초입 햇찰찬 경남 함양군 지리산마천흑돼지 전문음식점 심사아침부터 지리산 외식컨설팅 6차산업컨설팅 농촌융복합산업 6차산업 한국6차산업 6차산업교육 시골마초 박성수박사 농촌미래
191	두량할매집	참게메기탕 붕어찜 맛집 사천 경남 매집 붕어 정말 메기 엑기스 추천 공무원 지인 참게 기력 매운탕 민물고기 방문 보충 사천시 에피타이저 용현면 두량할매집 참메탕 장어구이 중이농장
192	경복궁숯불갈비	소고기등심 제주흑돼지 스냅 저녁 경원 돌잔치 숙박 판교 가능 가성 경복 경상남도 근처 놀이 대전 리스 메리어트 메리엇 방이 부탁 뷔페 삿뽀로 엄마생신선물 엄마생신케이크 엄마생일축하해요 사랑해요 돈케이크 돈케이크LED 방이동경복궁 경복궁한정식 경복궁생갈비코스 생갈비코스정식 경복궁숯불갈비 생신선물 엄마사랑합니다 가족저녁식사
193	송화관	석쇠불고기 꼬리곰탕 도움말 복사 영상 집밥 케이블카 가격 경남 광고 된장 불고기 석쇠 소요 이상 자동 재생 찌게 참고 코드 타고 트랙 with_migongD+882사천케이블카자연휴양림다음엔 882일아기 29개월아들 삼천포케이블카자연휴양림 삼천포명소 편백나무숲 자연휴양림 힐링 명소식당 삼천포맛집 삼천포장날 어르신납시오 송화관 석쇠불고기 사천맛집 사남커피숍 팀버 포레스트카페 일요일끝 다음주도가정보육 내일은어디갈까 날마다바쁨 엄마아들로태어나줘서고마워 사랑해내아들 제주는언제가나
194	남양토담오리	오리불고기 오리백숙 진주 가보 남양 신분 오리 토담 남양토담오리 야채오리불고기
195	숲뫼정	한우갈비살 한우특수부위 거나 맛집 삭제 삼천포 추천 특정 게시 게시판 공지 관련 광고 규칙 글등 내용 단체 반드시 반복 불건전 비방 사상 사천 사천맛집 숲뫼정
196	초당돼지국밥	돼지국밥 수육 국밥집 사천 삼천포 자주 무지개해안도로 대포항 초당돼지국밥 나인뷰커피 cafe송정 카페인러쉬본촌점 박투어 장거리 3시간30분 녹초 ㅠㅠㅠ 안라 무복 좋아요
197	늘품한우	한우갈비살 한우갈비탕 사천 맛집 한우 추천 경남 삭제 새해 육회 특정 매집 단체 모두 붕어 비빔밥 사람 소고기 가족 거나 게시 게시판 사천맛집 늘품한우 한우모듬 육회비빔밥 비빔냉면 낮부터달렸다
198	아리랑	한우생갈비 삼겹살 각질 감사 관리 무시 미리 신랑 어마 추천 열린음악회 청와대개방특집 유채훈 정민성 라포엠 이무진 송소희 현음어린이합창단 청와대 현음중창단 횡단보도 아리랑 아기싱어
199	고쌈	삼겹살 김치찌개 도움말 복사 영상 이상 광고 사천 소요 자동 재생 코드 트랙 화질 간만 사공 스트레칭 워밍업 가기 경남 계단 계속 사천 고쌈 사천카페 라안카페 야외카페 분위기짱 우리가족 드라이브
200	파피쉪	목살필라프 수제돈까스 타파 파스 진주 블로그 작성 체험 금산 운영 후기 게시 마트 안내 금산면 진주시 개별 경력 경상남도 기간 내용 모집 짬낚하러 겁나 친절한 맛집 파피쉪 한그릇땡기기 요즘왜이래 불친절한데가 너무많아 우짤라고그라노 요즘시대에 ㅋㅋ
201	지명전골	해물탕 산낙지볶음 곱창전골 전골 가게 검색 곱창 공기 구이 네이버 넹맛 반찬 신랑 오늘 오우 저녁 전어 절대 지명 사천 사천시 사천맛집 곱창전골 지명전골 사천가볼만한곳
202	가람생복	복국 체험 쉬즈 포스팅 당첨 블로그 사항 포함 후기 기간 김해시 내덕동 맛집 반드시 발표 방문 불가 예약 워드 전화 추가 가람생복
203	가얏골감자탕(김해)	
204	갑오삼계탕	삼계탕 삼계탕 경남 창원 갑오 성산 맛집 약국 리뷰 무동 의창 국물 김해 상남동 종합 디아 생각 신월동 장유 초복 파라 갑오삼계탕 장유맛집 장유삼계탕 장유밥집
205	개성순대	순대 마산 맛집 창원 순대 추천 개성 가포 진해 생각 부탁 사람 전골 횟집 곱창 돈까스 리스트 상남 짬뽕 추가 갈비 산청 산청돌담 돌담식당 흑돼지참소라찜 구름그늘 삼천포대교 남일대해수욕장 가포개성순대 개성순대 순대전골가봐야지
206	백프로갈비	소돼지갈비 김해시 김해 맛집 경남 어방동 갈비 번길 인제 족발 백프로 택배 거래 고기 네이버 생신 직거래 한우 갤럭시 냉면 닭갈비 김해맛집 김해소고기맛집 백프로갈비 100%갈비 생갈비살 안창살 소고기는진리입니당~~♡ 개인방갈로 코로나조심 참숯 한우 진로 소주사랑 냉면 된장찌개 간만에콧바람 한우그램 소주그램 먹방 먹스타 화이트데이 주말 일상 소통 선팔맞팔
207	생우림	등심 김해 맛집 추천 정식 김치찌개 전문점 돼지 뷔페 식당 갈비 고기 배달 족발 반찬 한우 국밥 김치 메뉴 본점 오리 주말 토요일 점심 소고기 김해 생우림 맛집 꽃등심 모듬 냉면 된장찌게 맛점 맛있다그램 룸으로 놀이터도있고 좋아요 좋아요그램 일상
208	석정숯불갈비	소돼지갈비 갈비 석정 숯불 길찾기 돼지갈비 보기 수정동 신포 울산 중구 추천 크게 하나 곽남 광역시 굿굿 남외동 동구 돼지껍데기 맛집 부산 수정동 석정숯불갈비 뒷고기
209	솔향오리농원	오리구이 오리 친정 닭백숙 마리 백숙 솔향 오리고기 공기밥 구이 김해 끼리 농원 마심 맛집 먹음 사이다 생신 소주 아버지 아부지 솔향오리농원
210	장보고횟집	생선회 상견례 격식 식사 요즘 장소 추천 카페 한잔 호텔 아빠 친정식구 일상 세살아기 저녁 장보고횟집 광어 해산물모듬 이번이
211	정림	약선한정식 돌잔치 김해 돌상 정림 한정식 소규모 산정 진행 출장 스냅 사진 체험 후기 가족 한복 컨셉 나무 행복 셋팅 준비 학고재아트센터 삼청동 정림&간삼 어린이날
212	포크밸리로스트	
213	동화반점	중화요리 구합 경력 칼판 급여 휴무 면접 반점 보험 전화 가능 가입 밀양 시간 연락 저희 중식 초보 평일 협의 면장 팔보완자 해물팔보완자 탕수육 돼지고기탕수육 동화반점 동대문중국집 동대문중화요리 공룡알 동대문공룡알 서울에서제일오래된중국집 먹돈버동대문 동대문역중국집 동대문역사문화공원중국집
214	서울삼계탕	삼계탕 삼계탕 밀양 서울 고생 보양식 엄마 여름 친정 서울삼계탕
215	옥수정가든	메기탕 백숙 동창회 시간 옥수 정가 참석 총무 회장 가슴 가정 경남 김정식 다음 대신 대표 마음 모습 밀양시 박용희 부회장 분위기 부산 부산한우 광안리 광안리맛집 점심특선 우토피아 주누파파 주누파파광안리 주누파파한우 주누파파점심특선 옥수정가든
216	일자봉	한우갈비살 영상 도움말 복사 자동 광고 소요 이상 재생 코드 트랙 화질 자봉 밀양 시간 최우근 주소 번개 후기 가기 계속 산행스타그램 산스타그램 등산스타그램 등산 산 겨울산행 한국의명산 산행 등산체력키우자 일월산정상 월자봉 일월산해맞이공원 뚱스님 일자봉 주말산행 눈산행하고싶다
217	입소문 맷돌 순두부	
218	청수정	메기탕 장어구이 민물장어 밀양 수정 식당 동동주 매기 매운탕 불리 오늘 장어 직접 청수정 홍합밥 북촌 맛있는밥
219	한방바다장어구이	장어곰탕 장어구이 사장 구합 바다 사항 삼문동 시간 알바 연락처 오후 음식점 장어구이 전화 주심 밀양맛집 밀양맛집추천 밀양예림 상남면맛집 한방바다장어구이 밀양장어 한방장어 장어5인분 밀양한방바다장어구이 한방장어구이 밀양장어구이맛집 밀양예림맛집 밀양한방장어숯불구이 불토 2018신년회 밀양댁 맛스타그램 먹스타그램 술스타그램 소맥 알콜키티 장어키티 불끈불끈
220	고궁식육식당	식육(숯불구이) 배달 가능 갈비 고궁 택배 거제 국밥 사용 상품권 식당 전국 지역 카드 포장 갈비탕 강한사 거리 거사 거제도 구인 여덟살문채운 어버이날 고궁식육식당 브리틀리 중곡동 거제 거제가볼만한곳
221	웨딩블랑	
222	다미정숯불갈비	식육(숯불구이) 가족 운영 임산부 할인 갈비 양념 업데이트 자녀 중곡동 거제 다자 맛나 보육 복지 사항 시청 업체 참고 추천 출산 맛집 번데기탕 중곡동맛집 갈비맛집 다미정숯불갈비 흥하새오
223	황금고디탕	한식 맛집 거제 거제도 정보 추천 공유 세포 호흡 옥포 카페 광고 근처 다이빙 대명 디탕 멤버 아시 장승포 칼국수 통영 소통 선팔하면맞팔 맞팔 거제 거제도 거제여행 거제장승포맛집 장승포맛집 거제장승포 황금고디탕 장승포황금고디탕 거제장승포황금고디탕 거제장승포 거제맛집 거제핫플 거제도맛집 거제카페 거제도카페 거제가볼만한곳
224	그바다에 가면	
225	박정현게장백반	한식 맛집 거제도 거제시 경남 게장 일운면 네이버 세포 지도 거제 순위 정식 해물 해안로 간장게장 구조 꼬막 남편 듬뿍 바람 일상 daily 여행 가족여행 양산 부산 거제도 거제도여행 가족 장승포 몽돌해수욕장 박정현게장백반 전복장 새우장 양념게장 간장게장 한식맛집 거제도맛집 foodtopic 맛스타그램 밥스타그램 foodstagram 좋아요 셀카투척 보트투어 해금강 바람의언덕 여름여행 갤럭시 갤럭시s20
226	썬바다횟집	회집 횟집 거제 김해연 바다 해금강 거제시 국회의원 낚시 동생 맛집 발전 연송 후보 거제도 게임 기호 사이즈 인연 인준 전갱이 거제 해금강 바람의언덕 아버지환갑여행 여름휴가 썬바다횟집 칠성사이다
227	거제으뜸횟집	생선회 거제 배달 시작 으뜸 코로나 횟집 기타 때문 방지 식당 예상 오기 옥포동 위해 중대 현금 확산 거제여행 거제맛집 여행은역시먹방 거제으뜸횟집  활어회 거제횟집 생선구이맛집 구조라맛집 구이조아라 거제생선구이 대맛존맛 대박맛집 물회 찢었다 다시생각나는맛집 맛집추천
228	지중해	한식 관광 마을 거제 단지 지중해 조성 개발 관광객 장목 축제 독일 또한 남해 랜드마크 문화 유치 위해 지역 통해 거제도 터키여행 카쉬 지중해
229	용화횟집	생선회 횟집 거제 맛집 거제도 물회 식사 자연 추천 조개 캠핑장 바다 음식 거제시 고집 사등면 스끼다시 아주 우럭 정말 주문 리온이의여행기록🐟
230	외포9번횟집	생선회 거제도 구합 대명 멸치 실장 추천 가도 거제 게시 고민 대리 때문 리조트 모레 문자 보신 수영 식당 신분 쌈밥 거제 예이제게장백반 하면옥 외포9번횟집 외도널서리 회무침 멸치회무침 멸치튀김 멸치찌개 간장게장 양념게장 간장새우 뽈락구이 칼국수 냉면 육전 까페 밀크티 레몬타르트 티라미슈 여행 먹스타그램 맛스타그램
231	외포등대횟집	생선회 횟집 등대 맛집 멸치 사진 조개 간다 밑반찬 보기 아주 여행 우럭 저녁 정말 추천 파도 가자미 가지 거기 경기도 거제여행 외포등대횟집요즘 멸치튀김 멸치회무침 멸치조림 도다리쑥국 건대구탕 거제민박 거제숙박 해.맑음펜션 포로수용소 거제펜션 거제도숙박 거제도펜션 거제도민박 거제도맛집
232	효진수산횟집	생선회 거제 멸치 멍게 대표 바다 백종현 기자 대구 요리 경남 맛집 외포항 부산 치킨 횟집 식당 거제도 메뉴 봄멸 삼선짬뽕 외포항맛집 장애인접근가능식당 휠체어접근가능식당 효진수산횟집 대구회 대구정식맛집 거제도맛집 천성항 천성항조형물 천성항은변신중
233	옥포막썰이회해물	생선회 가격 거제시 경상남도 소명 쥐치회 방어회 옥포막썰이회해물 losintocablesmalbec
234	계룡산숯불갈비 장승포점	
235	세야촌	식육(숯불구이) 구합 시청 주방 나이 마감 문자 평일 가능 기재 날짜 면접 서빙 성함 세용 시간 연락 오픈 오후 월금 일요일 20181129목요일 세야촌음... 일상 거제 거제줌마 거제줌마그램 거제남매 거제남매그램 거제맛집 맛집그램 거제쌈밥 거제시청맛집 세야촌 이제안녕
236	대원군숯불갈비	식육(숯불구이) 갈비 대원군 숯불 오후 고현 명상 싱잉볼 아르바이트 요가 구합 수업 전화 학생 급여 서빙 주시 협의 후반 거제 거제시 찍고찍고또찍고돼지갈비는 대원군숯불갈비 거제맛집 고현동맛집인셀덤 피부참좋다 어플카메라
237	수원왕갈비	식육(숯불구이) 거제 여행 갈비 맛집 멸치 수원 쌈밥 가시 근처 남쪽 대명 리조트 만점 숯불 영양 저녁 점심 주말 추천 변호사 김시영변호사 형사전문변호사 손해배상전문변호사 돌곤이 돌곤투어 수원화성 화홍문 장안문 용연 홍이포 수원왕갈비 본수원갈비 수원구치소 변호인접견 은돔이💕
238	보리네생고깃간(고현점)	
239	맛찬들왕소금구이 옥포점	
240	수산시장	일식 수산시장 거제 바다장어 장어 가상 구매 상태 소매물도 정말 후기 고기 이번 주문 최고 추천 캠핑 택일 가시 가족 마무리 citiesskylines citiesskylinegame citybuilder pcgaming koreancity seafood 수산시장 fish
241	고현장어	한식 고현 장어 연구소 연락 완료 추천 가까이 구인 구합 신분 요망 장어구이 저녁 개강 거제 내일 대학생 모임 문자 번호 거제도 고현장어 거제도장어구이 장어구이 장어한마리 맛집 맛집스타그램 맛집추천 맛집그램 맛집탐방 먹스타 꿀맛 먹방스타그램 먹스타그램 food foodie instafood foodpic foodpics foodporn foodstagram foodlike hotplace
242	남다른감자탕고현점	한식 과외 개인 제재 참고 교습 도배 가능 게시 내용 등록 벌금 사용 사항 신고 아이디 업체 운영 원칙 인시 적발 거제도맛집 거제도가볼만한곳 거제도핫플레이스 거제도핫플 거제도감자탕 감자탕 거제도여행추천 거제도여행필수코스 거제도밥집 거제도맛집추천 남다른감자탕 남다른감자탕고현점 거제도남다른감자탕
243	고현횟집	생선회 미더덕 횟집 고현 진동 초등학교 하나 거제 학교 보기 아이 진동항 마음 바다 봉투 생각 제법 지금 거제시 경상남도 국회의원 창원맛집 진동맛집 고현횟집 봄을 미더덕회 미더덕덮밥 오만둥이 장아찌 맛나 맛집 봄만 기다리다 또먹으러가자.
244	한우포차식육식당	
245	장수녹각삼계탕(덕계동)	
246	종정헌	영양돌솥밥 맛집 추천 전문 양산 정헌 식당 칼국수 굴비 보리 장전동 돌상 돼지국밥 식사 아구찜 곱창 돌잔치 만두 전문점 연산동 화명동 20220214엄마랑 점심 종정헌 꼬막비빔밥
247	경원궁&미나미	
248	범어가마솥	
249	어드메	훈제오리 양산 어드메 가격 구이 단호박 맛집 오리 훈제 양산밥집 가성비밥집 오월식탁 청연식당 초밥정식당 어드메 양산맛집 양산가볼만한곳 양산분위기좋은곳 양산여행 물금맛집 양산증산맛집
250	청해대복	복매운탕 매운탕 지리 나름 맞은편 반찬 보조운동 복국 양산 오늘 운동장 위치 은복 이지 종합 주차 주차장 청해대 타이어 한국 해장 힐링타임 청해대복 북안남1길31 양산맛집 양산복집 밀복 까지복 생복 참복 은복 지리 매운탕
251	조방낙지(양산)	
252	죽림산방	양선요리 선생님 양산 죽림산방 고등학교 음식 정당 진보 카페 교육 녹색당 녹색평론 데이 도자기 매우 바로 상호 선거운동 식당 와이프 운동 오늘은날씨가다함☀️ 죽림산방 뷰맛집 잠시힐링중 하늘너무이쁘다 활짝핀너도이쁘다
253	신라해장국(양산)	
254	화림초밥	회초밥 준비 결혼 가장 공간 부산 사진 소개 신혼부부 정보 개월 검색 게시판 결혼식 고난 공부 기억 끝내 날짜 놀이터 단계 화림초밥
255	대보름생아구찜	아구찜 체험 아구찜 포스팅 후기 쉬즈 작성 내용 당첨 링크 매장 반드시 불가 블로그 사항 하단 구비 기간 대보름 발표 소독제 대보름생아구찜 맛집 아구찜 내사람 내사랑 찐행복 인셀덤송혜주 인셀덤히트 인셀덤정승혜 인셀덤아트 인셀덤황재선 아직미정
256	송강민물매운탕	민물매운탕 매운탕 민물 양산 추천 더욱 두산 맛집 부근 위브 이면 정말 친정엄마 양산 송강 매운탕 ..외할머니집 양산맛집 송강민물매운탕 매운탕맛집 인생맛 인생맛집 먹스타 맛스타 먹스타그램 맛스타그램 존맛 존맛탱 맛집 선팔 맞팔 선팔하면맞팔 좋아요 데일리 일상 인스타푸드 food foodstagram likeforlikes likeforfollow followforfollowback likeforfollow yummy yummyyummy
257	진송추어탕(양산)	
258	진부령황태구이	황태구이 수영구 부산광역시 번길 황태 칼국수 반상 휴게소 광안동 구이 국밥 남천동 망미동 진부령 밀면 비빔밥 남천 된장찌개 비빔 서울 수영로 양산맛집 양산통도사맛집 진부령황태구이 통도사맛집 황태찜 황태구이통도사
259	금오암소한마당	소고기 맛집 의령읍 식당 의령 거창읍 방송 소바 의령군 대의면 한식 함양읍 거창 산청읍 시천면 요미 함양 국밥 금서면 메기 본점 금오암소한마당 합천맛집 의령맛집 진주맛집 소고기맛집
260	솔밭가든	불고기 게시 게시판 경우 작성 강아지 규칙 나들이 대상 양식 위반 장소 데리 소개 우리 이용 특정 함안 가든 가족 강제 임신10개월 만삭 조카 딸바보 처가집 나들이 당진맛집 솔밭가든 볼트ev 전기차 주말스타그램
261	국보삼계탕	삼계탕 무학산 미련 설악산 예약 장복 저리 취소 함안법수 코로나19 함안맛집 국보삼계탕 함안산인맛집 함안산인
262	나룻터가는길	
263	신풍식육식당	한식 냉면 함안 식당 풍식 육수 고기 도착 만두 맛집 사람 신랑 정말 함안군 곱빼기 날씨 냉면집 물냉면 법수면 보통 비빔냉면 냉정한미식가 냉면덕후 면식기행 함안냉면 비빔냉면 함안맛집 별점3점 신풍식육식당
264	사랑채(함안)	
265	양평해장국(함안)	
266	낙동강 칠백리	
267	큰손짜장	짬봉 대산 맛집 짜장면 공유 바삭 잠깐 정보 친구 탕수육 혹시 큰손짜장 하루알바중 콩국수개시 주문실수 사천탕수육 전가복 물만두 일하는와중에도 배터지게먹는중
268	판문점숯불갈비	돼지숯불갈비 갈비 음식점 맛집 백년 양념 입맛 자존심 전국 점포 호점 가게 가능성 가운데 검색 경남 고객 고기 공식 국내 대부분 창원맛집 마산맛집 숯불갈비 냉면맛집 판문점숯불갈비 물냉면 비빔냉면
269	참하누	소고기구이전문점 소고기 맛집 식당 가격 가성 개조 걱정 경기도 계세 고기 길찾기 보기 사람 상차림 새벽 스타일 심지어 양동 양주시 예약 고현맛집 참하누 고기맛집 신선한재료 다맛있어 뭉티기맛집 대박나세요 넉넉한인심의사장님
270	가얏골감자탕	김치감자탕시래기감자탕 창원 해장국 근처 동생 맛집 밥집 성산구 의창구 일도 장수 진짜 집도 최근 추천 찰리미식회 찰미 연대하고또연대하라 남천동 남천집앞건물 가얏골감자탕
271	고궁	청국장 오리불고기 임시 미정 박물관 위치 서울 경기도 도서관 강원도 경상남도 경상북도 정휴 전라남도 부산 제주 문화 특별자치도 전라북도 서울특별시 한국 미술관 seoulpalace sameplace 4seasons 4pics 아름다운우리고궁 우리고궁 고궁산책 고궁의사계 창경궁 Changgyeonggung 昌慶宮 네장의사진 四枚の写真 고궁 古宮
272	금별식당	아구찜추어탕 삼계탕 정지 활동 광고 리지 비방 삭제 새싹 카페 간주 간판 감솨 거짓 공개 구경 달기 댓글 등급 링크 말기 금별식당 HBD 사랑♡
273	도리원	장아찌 우르 도리 창녕 수맥 터미널 식품 미션 산소 귀농 구미 기업 단지 지역 감정 장아찌 대구 안동 정기 주차장 풍수 부산순두부맛집
274	북면자연농원	오리불고기 오리탕 오리탕 식당 경기도 번길 자연농원 칼국수 북면 오리 경상남도 경상북도 전라남도 맛집 강원도 충청남도 충청북도 진주 본부 전라북도 서진 주점 맞팔 먹팔 오리백숙 대구맛집 대구찐맛집 소통 대구현지인맛집 현풍맛집 달성군맛집 백숙추천 북면자연농원
275	서울식육식당	소갈비살산채비빔밥 대구 서울식 식당 치킨 모임 겨울 결과 때문 매출 배달 소고기 여름 장소 추천 한우 간단 고객 고기 공무원 김치찌개 서울식육식당 먹스타그램박거이 일상소통환영 먹팔맞팔해요 소고기먹방
276	석정숯불갈비	숯불갈비 갈비 석정 숯불 길찾기 돼지갈비 보기 수정동 신포 울산 중구 추천 크게 하나 곽남 광역시 굿굿 남외동 동구 돼지껍데기 맛집 부산 수정동 석정숯불갈비 뒷고기
277	양반청국장	청국장 전문점 창녕 산행 화왕산 순두부 억새 자하 청국장 거리 경남 도시락 맛집 습지 양반 업체 여행 우포늪 장관 정상 찌개 참석 이루마 금요일밤 3차접종 아들의꿈 이루마 양반청국장 일하는엄마
278	양평해장국(창녕)	
279	우포한우프라자	한우숯불구이 및 갈비탕 설전 강남 거의 등등 밥집 시댁 식구 오리 장사 초우 추천 우포한우프라자 대구여행 오빠친구찬스 한우 꿀맛 육회비빔밥도못찍었네 냉면도못찍엇네 삼성온천호텔 유황온천 부곡 온천여행 키즈디럭스
280	조선옥삼계탕	삼계탕석쇠불고기 영광 맛집 조선옥 중앙시장 검색 계심 골목 기대 메뉴 사시 삼계탕 서우 여기 음식 이번 일욜 전남 주변 주차 추천 사우나온줄 몸보신 삼계탕 요즘야구안보신다더니아빠는풍각쟁이 아빠표맛집 조선옥삼계탕 목포맛집 기록
281	주왕산삼계탕	삼계탕 삼계탕 창녕 포장 대구달서구여행 달서구맛집품질 약수삼계탕 주왕산삼계탕문의 인스타그램 인스타 대구가좋다 여행스타그램 여행을떠나요 여행에미치다 여행을떠나다 여행을일상처럼 여행자 여행 여행이좋다 여행은사랑입니다 대구여행중 달서구여행 강영대주왕산삼계탕 맛스타그램 맛스타 먹스타 먹스타그램 삼계탕 삼계탕스타그램 삼계탕맛집 삼계탕그램
282	진짜순대집	순대전골 모듬순대 순대 속초 오징어순대 맛집 아바이순대 전골 진짜 내장 대국 아바이 음식 창녕 국물 때문 순대집 여기 주문 가게 기분 김치 윤이나는피부샵 채움미가대구점 연말파티 송년회 울친구 생우럭탕 무침회 월남쌈 불고기초밥 잡채 진짜순대 상인동 진짜순대집 2017년 2018년도...전부대박나고
283	창녕대가	한우쇠고기된장찌개 기름 사용 삼겹살 제품 종이 청소 모닝 사진 아트 한우 호일 가운데 경남 고기 고이 광종 구울 구입 기도 대가 즐거운식사시간 창녕대가 한우맛집 꼬기꼬기 6살2살남매 세젤예
284	통일냉면	냉면 참석 안내 출사 회비 냉면 고성 맛집 정기 집결 통일 경남 고성군 댓글 만화 방초 사항 수국 아시 장소 점심 통영 고성 고성맛집 고성핫플 고성카페 통일냉면 회냉면 만두 고옥정 한옥카페 베이커리카페 바다뷰 뷰맛집 흑임자라떼 연탄케이크 바질크런치 언제나 취향저격 일상 커피타임 금요일즐기기
285	하나비	생선회모밀국수우동 배달 부곡 유통 청과 장소 휴가 각종 결제 경봉 계좌 공지 과일 기재 남지읍 노력 다행 대행 댓글 매부 모두 피아노 뉴에이지 피아노스타그램 히사이시조 하나비 hisaishijoe piano pianomusic pianocover claasic newagepiano chopin
286	화덕본가	돼지갈비 대출 상품 매출 투자 사용 펀다 담보 본가 카드 한번 화덕 매출채권 플랜 세이브 신용 이번 장래 차주 코로나 크게 월화수고기 화덕본가 후식만땅좋음 포장된아이스크림 무료라니 한우촌 된장밥 다드림 냉면죠하 당분간저녁외식금지
287	황부자숯불갈비	한우등심지리산흑돼지 맛집 부곡 아시 가야 근처 스테이 키즈 황부자푸드 하와이갈비 프로갈비 아마갈비 돼지갈비 갈비 양념돼지갈비 양념갈비 캠핑 외식 식사 가족 집들이 초대 돼지갈비맛집 먹스타그램 맛스타그램 갈비맛집 저녁메뉴 집밥 부곡하와이 부곡온천 황부자숯불갈비 tvN 프리한19 그때를아십니까 1위 창녕맛집 부곡맛집
288	창녕한우	한우전문 경남 특산 김해 박람회 업체 참가 창녕 가능 거제 꼬리 밀양 벌꿀 이벤트 인증 잡기 장군 후기 개최 경상남도 계정 화왕산한우 창녕한우 창녕정육점 창녕소고기 무항생제한돈 건조숙성육 육사시미
289	공룡알	생선회 공원 박물관 마을 자연휴양림 파크 서울 경북 생태 계곡 테마 경기 해수욕장 전망대 미술관 강원 국립 문화 수목원 체험 폭포 베이킹소다공룡알 공룡알 31개월아기 4세놀이 엄마표놀이 베이킹소다놀이 과학놀이 초간단놀이 집에서놀아요 또또엄마❤
290	늘봄가든(고성)	
291	대가저수지가든	돼지불고기 구함 보조 주방 가든 결정 고성읍 급여 대가 면접 바로가기 오전 운행 저수지 차량 출퇴근 경남고성 대가저수지가든 pic photography photo 사진 사진계정 폰카 사진초보
292	바닷가에햇살한스푼	스파게티 피자 파스타 고성 바닷가 스푼 햇살 맛집 카페 메뉴 바다 필라프 새우 생각 피자 경남 시간 오늘 조금 주문 주차 건너편 일상 엄빠랑데이트 통영 고성 주말 바닷가에햇살한스푼 벚꽃놀이  드라이브  소통
293	새로운통일냉면	냉면 갈비찜 참석 안내 출사 회비 정기 집결 경남 고성 고성군 댓글 만화 방초 사항 수국 장소 공지 마감 보드 사진 시간 고성맛집 새로운통일냉면 더울때는냉면 인생냉면 회냉면강추
294	수라한정식	한정식 상견례 한정식 음식 송림 울산 장소 냉채 수라 후기 사진 저희 준비 인사 체험 된장찌개 메뉴 요리 추천 걱정 구이 고성군소상공인이야기 수라한정식 경남고성맛집 경남고성가볼만한곳 고성맛집 고성한정식 한정식 모범음식점
295	우성갈비	
296	정든집	
297	주남오리궁(동읍)	
298	캠프흙시루가든	
299	짜장박사	중국식  쟁반짜장 인천광역시 중식 미추홀 번길 동구 인하 짬뽕 짜장 반점 당첨 일반 택배 경인로 박사 주안 참여 나눔 인주대로 인원 인천 쟁반짜장맛집 쟁반짜장 고성맛집
300	남해 대청마루	
301	하나로횟집	생선회 감사 광양시 내곡 리스 미리 상호 오늘 오징어 음식점 전라남도 하나로 한식 횟집 광양맛집 망덕포구 하나로횟집 망덕재첩국수 돼지고기육전 광양맛집 망덕포구맛집 재첩국수맛집 순천맛집 여수맛집 광양특화음식 자연산회맛집 전어축제 장어구이맛집 벚꿀맛집
302	수정숯불갈비	한정식 영양돌솥밥 창선고사리 육개장 추천 갈비 수정 숯불 공기 김치 김치찌개 돼지고기 두부 뚝딱 맛집 매장 메뉴 북구 사유 상호 연암동 울산 이미지 전화 삼겹살 오늘저녁은삼겹살 수정숯불갈비 오늘은외식 외식 배추쌈 배추 명이나물 저녁 저녁메뉴 외식스타그램 삼겹살파티 삼겹살맛집 겉절이맛집 일상 먹스타그램 고기스타그램 삼겹살그램
303	촌놈횟집	생선회매운탕 남해 오늘 오디 저희 낚시 도착 독일 루트 마을 모래 물건항 비치 살이 상주 새벽 생각 신랑 아이 입성 지굼 촌놈횟집-✔작년 대방어코스요리 생선내장수육 인천대방어 송도대방어 대방어숙성회 대방어코스 인천횟집 인천촌놈횟집 송도횟집 인천송도맛집
304	제일횟집	생선회회덮밥 횟집 배달 주문 진짜 추천 고기 창포 가능 근처 문의 안흥항 맛집 삼천포 오늘 제일 주변 진동 매운탕 숙박업소 초장 자갈치시장 꼼장어맛집 8년째방문 제일횟집 꼼장어시키면 산낙지 생선구이 선지국 중복엔 꼼장어양념구이
305	보물선횟집	생선회매운탕 남해 독일 횟집 라이딩 마을 맥주 답사 도로 모래 바다 비치 상주 설리 스카이 창선 그네 도착 맑은 물건 물건항 노가다 일상내
306	남해 어부림	
307	전망대횟집	생선회 횟집 게시판 남해 따님 맛집 아버님 어머님 요리 전망대 카페 홍보 비양도맛집 제주도횟집 한림맛집 전망대횟집 협재맛집 협재해수욕장맛집 협재맛집추천 제주도횟집추천
308	햇살복집	쫄복탕 복국 남해 추천 맛집 멸치 낚시 사부 고민 발견 복국 사람 식당 쌈밥 여행 오늘 오디 이번 저희 주말 처음 가족 햇살복집 복국 남해 뷰맛집
309	미소담	보쌈생선구이 남해 상견례 공간 미소 식당 기준 보쌈 작성 장소 진행 처음 추천 가격 경남 구성 독립 말씀 맛집 매우 메뉴 제주돌상 제주백일상 미소담⠀⠀
310	남해암소한마당	소고기 남해 카페 맛집 정말 추천 정치 걱정 게시판 기사 뉴스 물회 사장 스테이 욕설 유머 이미지 커피 가면 게시 경북 더풀 더풀버거 돌창고 돌창고프로젝트 아라마루아쿠아리움 양떼목장 미숫가루 말차라떼 쑥떡덩어리 남해암소한마당 한우스페셜 육사시미 땀
311	남해향촌	멸치쌈밥 두부 남해 향촌 낚시 맛집 체험 경남 출발 참석 투어 네이버 철수 사항 삼동면 시기 감성돔 멸치 시간 오전 지도 라이딩 남해향촌 남해여행 펜션앞바다
312	풍운정	생선구이정식 멸치쌈밥 남해 번호 주소 맛집 경남 서울 추천 감사 보리암 풍운 강남구 도움 메뉴 사천 여행 주신 동부 로코 마을 멸치 아난티남해 아난티 골프 힐튼남해 남면 해녀횟집 봉정식당 도다리쑥국 모듬사시미 풍운정 멸치쌈밥 생선구이 휴가 해물라면
313	남해 사랑채	
314	섬진강식당	정식 된장찌개 추천 재첩 국내 궁금 바락 박스 생각 아이스 친구 해감 가득 가요 광주 국물 근처 냉동 녹지 다라 미혼 배송 구례 섬진강식당 산채더덕구이정식 6시내고향맛집 구례맛집 함평 철성가든 능이닭백숙 향촌 육회비빔밥 해물탕 배민맛집 
315	청운식당	정식 된장찌개. 김치찌개 재첩국 하동 경상도 국물 나름 남자 다른 사장 산채정식 시크 식당 정식 청운 여행 먹스타그램 갈치조림 제주도 갈치 점심 청운식당
316	범바구집	옺닭 삼게탕 백숙 범바 진짜 갓김치 구라 닭죽 에놀 오늘 저녁 추천 포장 하동 하동읍 가기 거나 경상남도 그대로 그릇 닭다리 대박 20200806 2020여름휴가 경남하동맛집 범바구집 닭백숙 녹두닭죽 산삼주
317	이화가든	재첩국 참게탕 펜션 충청남도 서천군 서면 춘장 번길 갯벌 체험 비인면 민박 대길 바다 선도 장항 장항읍 해변 리스 하우스 도둔 남촌 제첩회무침 제첩국 섬진강제첩 이화가든
318	혜성식당	은어밥 참게탕 체험 놀꽃 벚꽃 우리 맛집 식당 혜성 오감 축제 문의 친구 당첨 놀이 예약 하동 포스팅 드로잉 키트 방문 전화 섬진강 쌍계사 은어 은어회 은어튀김 구례 화개천계곡 화개장터 화개장터맛집 혜성식당 하동여행 하동 구례여행
319	매실떡갈비	쌈밥정식 숟가락 고기 매실 설탕 약간 요리 재료 간장 참기름 깨소금 떡갈비 마늘 소금 소화 가능 갈비살 과정 균형 기본 기준 광양 제이축산 순천 여수 떡갈비 매실떡갈비반응좋은떡갈비
320	하동솔잎한우프라자	돼지고기 소고기 하동 정동원 양귀비 한우 가수 소고기 여행 음식점 축제 프라자 거제 고향 국수 길이 김밥 도착 미스터 솔잎 오늘 유지 하동 하동여행 하동솔잎한우프라자 솔잎한우프라자 한우 새우살 갈비살 제비추리 살치살 육회오랜만에
321	제일회센타	
322	향원식당	재첩국 참게정식 아동복 추천 현수막 논산 닭볶음탕 도매 백숙 식당 아시 앞쪽 연무대 오리 자라 정보 주물 큰아들 판매 향원 토요일 늦은아점 향원식당 상일동맛집 생선구이 2인 제육볶음 1인 양이많다👍
323	아리산반점	중화요리(짜장면우동 아리 반점 날씨 바람 블랙데이 성비 식욕 오늘 제로 페이 하루 신도림 아리산반점 짜장면 짬뽕 신도림맛집 신도림역맛집 도림천 짜장 구로구맛집 구로구 구로맛집 가성비맛집 가성비 짜장면맛집 짬뽕맛집 중식 중식맛집 중식당 맛집 맛집추천 맛집탐방 맛집스타그램 맛스타그램 먹스타그램 먹스타맞팔 먹팔 먹스타소통 좋반 좋반테러 나랑밥먹을래_신도림
324	물레방아식당	피리쪼림 번지 강원 맛집 전국 식당 막국수 횟집 구이 닭갈비 방향 위치 감사 입구 황태 매운탕 두부 산채 순두부 오징어 국수 지난이야기어설픈 강원도 강원도여행 강원 양양 양양여행 양양맛집 강원도계곡 물레방아휴게소 강원도계곡식당 양양계곡식당 물레방아식당
325	한양왕족발복어	복국 족발 복수육 맛집 가게 간판 단골 매운탕 복어 산청 수의 양왕 오늘 점심 족발 지리 진주 초고 복어국 한양왕족발복어 해장 최고
326	갑을식당	한방오리백숙 닭백숙 식당 맛집 식객 함양 부산 기행 허영 의령읍 함양군 찌게 추천 소개 음식 횟집 갈비 숯불 함양읍 광주 의령 방송 함양여행 갑을식당 곱창전골 짚라인 대봉스카이랜드 방아제한옥펜션
327	물장구식육식당	소고기 구이 체험 후기 포스팅 반드시 방문 예약 맛집 기간 내용 당첨 사항 작성 하단 산청 경우 발표 불가 산청군 상품 암소 소고기 합천 생비량 물장구식육식당
328	영도숯불갈비	육류구이한방갈비곰 산청 양수 진주 음식점 지목 갈비 경제 고급 군데 다음 마트 목화 박성민 부모님 빵집 상호 소비 숯불 스타 아시 인테리어 진주시이쁜집 주택리모델링 펫카페 릴리하우스메이킹 릴리엘르님❤ 영도숯불갈비 임헌수사단_부산경남
329	지리산장당계곡식당	
330	영실한우프라자	영실한우명품스페셜영실한우명품모둠영실한우꽃등심 한우 직접 산청 가격 광양 국물 우려 가장 소개 이용 프라자 고기 곰탕 남사 내기 다른 다시 라면 마을 매화 영실한우프라자 단성영실한우 산청소고기맛집 단성소고기맛집
331	동의약선관	약선한상약선코스요리약선특반상약선수라반상 맛집 식당 의령읍 의령 거창읍 방송 소바 산청 상견례 의령군 대의면 동의 선관 한식 함양읍 거창 산청읍 시천면 요미 저희 동의약선관 1박2일 선호찡 라비 문세윤 연정훈 딘딘 김종민 나도가고싶다 산청갑시다 중학교동창 시이모님댁 자랑중임ㅋㅋ
332	오감원 레스토랑	
333	갑을식당(함양)	
334	대웅	멸치쌈밥 대웅 우촌 육회 천엽 강추 검색 관광 기본 나들이 도회지 마당 맛집 목요일 부골 비빔밥 상세 상차림 실로 영남 오늘 대웅 대웅제약 크림다이브좀 피부 노화방지 제약회사 그립 쿠팡 라이브커머스 홈쇼핑 라이브방송 라방 크림 egf 콜라겐 공구 gsshop 쇼호스트 쇼핑호스트 오태훈 딘오 딘오마켓 초특가 에스테틱 이지듀 피부관리 젊어지기 grip coupang easydew
335	쌈촌구이&샤브	
336	청학산	한정식 식당 식객 맛집 허영 기행 인천 만덕 학산 음식 신청 함양군 아파트 코스 함양 횟집 갈비 부산 소개 강릉 광주 술기로운생활 술스타그램 먹스타그램 맛스타그램 콩잎곰국 청학산 함양청학산
337	신화루	멸치쌈밥 신화 고문 유니짜장 볶음밥 의정부 짬뽕 고추 맛집 면발 삼선 생각 선물 여자 환자 회원 가능동 김종우 다음 만두 선배 서울뉴우스_경기도..의정부에 경기도 가평 의정부 신화루... 서울맛집 경기도맛집 의정부맛집 의정부짜장면맛집 의정부중식맛집 가능동맛집 삼선볶음밥맛집 노포맛집 양주맛집 포천맛집 동두천맛집 서울뉴우스
338	바우석쇠	
339	늘봄가든(함양)	
340	예다믄	멸치쌈밥 도움말 복사 영상 광고 소요 이상 자동 재생 코드 트랙 화질 함양 가기 계속 공유소스 관련 광고정보 기능 기초 길이 예다믄 함양한정식 함양맛집 함양가볼만한곳 함양핫플 함양데이트코스 함양코스 함양힐링 경남맛집 맛집추천 함양가볼만한곳 함양핫플
341	농월초계탕	초계막국수 궁중한방오리 라이딩 참석 네이버 대구 지도 투어 경남 금원산 막국수 월초 지점 합류 가구 가정 기본 마눌 목적지 미리 부부 사항 바이크투어 바이크여행 온로드존 onroadzone 파워라이더 powerrider 바린이 바이크그램 바이크스타그램 r1200rt f700gs r1200gs bmwr1200rt bmwr1200gs bmwmotorrad 초계탕 농월초계탕 오토바이스타그램 이륜차 바린이의일상
342	레아모	스테이크스파게티 당신 하나님 우리 아도나이 하라 감사 찬양 할렐루야 바룩 하스 아타 이스라엘 복의 키레올람 주의 할렐루 모든 여호와 토라 베카 거창 의동마을 벚꽃 레아모
343	풍전복집	복매운탕 아르바이트 공휴일 구한 볼일 사장 시간 어제 일요일 전복 제공 풍전복집
344	거창복어	복매운탕 체험 당첨 거창 포스팅 반드시 방문 사항 예약 워드 작성 전화 후기 복어 기간 맛집 발표 복집 불가 추가 태그 거창복어 빠다롤뺑프랑스 빠다롤
345	애우전문점 거창축협한우팰리스	
346	쌍쌍식육식당	생삼겹살 경기도 식당 번길 칼국수 경상북도 경상남도 전라남도 강원도 충청남도 충청북도 본부 전라북도 지역 서울특별시 정식 두부 백숙 갈비 매운탕 전골 쌍쌍식육식당 소고기 먹스타 먹팔 선팔맞팔 좋아요 좋아요반사 인친환영
347	건계정	해물닭찜 거창 계정 삼계탕 미륵 어제 가격 계모임 군민 군청 그냥 근처 냇가 대비 도로 마리면 무엇 무지기 바위 반찬 사금 거창 거창군 거창여행 우정여행 청춘 자전거여행 그린씽 거창박물관 거창전통시장 건계정 창포원
348	삼산이수	갈비찜 주식 투자 세트 매매 이야기 공연 극단 실전 베팅 산이 포함 비밀 티켓 세계 프로 매도 시장 가지 선물 시스템 김천 삼산이수막걸리 삼산이수
349	외양간구시	한우생고기 맛집 경남 거창군 거창 거창읍 네이버 소개 식당 지도 요리 참고 카페 강남 강변로 거열 다우 라떼 밥상 보통 설렁탕 내고향 1박2일 엄마생일 아빠생일 생일인데맨날얻어먹기 거창소고기 거창애우 쑥먹인한우 외양간구시 최고맛집 거창가면꼭들러야하는곳 생일축하합니다 사랑합니다 포장선물까지잔뜩 부모님사랑 가족사랑 쵸리네밥상 쵸리네술상
350	옥계촌	한방백숙 백숙 추천 거창 계곡 막걸리 맛집 오리 옥계 이천 구미 김천 멀리 반년 블로그 사람 손님 오시 이제 주말 출처 이천 옥계촌 닭누룽지백숙 메밀전병누룽지백숙은
351	고래불해물찜	해물찜 해물찜 도원동 추천 가게 거기 배달 안나 이름 저녁 혹시 고래불해물찜 해물찜 맛있다 볶음밥킬포 해물사랑 해물이좋아 수다폭발 재밌다 날씨도좋고 기분도좋고 아무튼이래저래좋았던거야 행복 웃음포인트무엇 일상기록 데일리 수요일의행복 다이어트는내일부터 언제까지내일부터 물음표
352	파스타부오노(거창점)	
353	평사리한정식	한정식 대여 돌잡이 상차림 운영 게시 부동산 시대 용품 개인 검색 매매 원칙 카카오 한정식 거래 거사 관련 금액 내용 등록 포항맛집 포항한정식 포항상견례 포항돌잔치 평사리한정식 포항 포항맛집추천 포항여행 포항여행코스 포항맛있는집 포항한정식맛집 포항식당 한정식 한정식전문점 상견례장소 포항상견례장소 대한민국맛집 한정식맛집 존맛 먹방 먹스타그램 당일치기여행 꿀맛 여행스타그램 오늘의점심 맛집먹방
354	대식한우명가	
355	합천명품토종흑돼지	돼지고기 기호 돼지 토종 합천 느낌 명품 항정살 경북 고령 개실마을 계절의여왕 봄 신비롭다 벚꽃 설유화 수선화 합천맛집 합천흑돼지 합천명품토종흑돼지 무사히울산도착 어플카메라의힘 유라이크 스컹크웍스우정점
356	수미정식당	돼지고기 간장게장 맛집 추천 태안 가면 검색 난리 보고 식구 실망 여행 요즘 이면 재방 주말 지인 커서 수미정식당 소고기 갈비살 수육 좋은데이 jmt 제일떡방앗간 떡 주문떡 판매떡 참기름 미숫가루 방앗간 기타문의 잡일꾼 홍보중 공유 소통 경남 함안군대산면 대산면 떡맛집 홍보
357	백운식당	비빔밥 삼계탕 광양시 전남 주차장 백숙 합천 닭백숙 맛집 식당 광양읍 폭포 정보 능이 산행 황제 대장경 양호 캠핑 해인사 화장실 하이원 하이원리조트 정선맛집 하이원맛집 민둥산맛집 백운식당
358	당신이있어좋은세상	정식 마음 아래 제목 찾기 메일 사람 하늘 김유영 누군가 생각 서평 세상 쉼표 시간 요즘 우리 의원 잠깐 처음 표지 당신이있어좋은세상 가게이름이참좋네 경남합천군맛집 오리로스구이 국내출장
359	삼가명품한우	한우모듬 소고기 고해 명절 서양 이번 추천 택배 한우 한우육회 특수모듬 꽃등심 완벽한식사 삼가명품한우 한우먹는날 먹스타그램
360	황금나무숯불갈비	한우모듬 돼지갈비 양념 추천 택배 포장 합천 황금나무숯불갈비 갈비 삼겹살 고기 먹스타 맛스타 먹스타그램 맛스타그램 점심 먹그램 먹 food 주말 주말스타그램
361	참숯골	삼겹살 맛집 공기밥 기본 된장 삼겹 서비스 숙성 온도 음료수 이구 자동 직접 참숯 체크 합천 현지 참숯골 육회비빔밥 편맛집_무교동 편맛집_시청 편맛집
362	부자돼지	삼겹살 체험 당첨 포스팅 후기 사항 반드시 작성 돼지국밥 포함 방문 불가 예약 하단 기간 발표 워드 태그 맛집 여의도 전화 모든일잘돼지 부자돼지 행복하길바래 복 이쁜친구들이랑 행복 한국생활 한국생활 내인생
363	약천메기탕	메기매운탕 산성 마을 바위 갈림길 능선 우산 합천 의령 상투 이정표 새우 일대 지나 이듬 기우제 길이 사람 쌍백면 전망 하산 어젯밤흔적 약천메기탕 메기매운탕 노랑통닭 반반치킨
364	금호관	산채비빔밥 전라남도 금호 리스 상호 영암군 영암읍 음식점 한식 가능 길찾기 도크 맛집 메뉴 무리 백반 보기 스토리 시간 영업 오전 전남 영암군 영암읍 여행 맛집 드라이브 영암맛집 영암군청 주변 금호관 한정식 차림상 막걸리 영암막걸리 영암도포막걸리 생막걸리 한잔 냠냠
